{"cameraMode":{"drawMode":0,"name":"Shaded","section":"Shading Mode"},"sceneLighting":true,"audioPlay":false,"sceneViewState":{"showFog":false,"showMaterialUpdate":true,"showSkybox":false,"showFlares":true,"showImageEffects":true,"showParticleSystems":true},"in2DMode":false,"pivot":{"x":6.7332539558410648,"y":16.64856719970703,"z":-8.493518829345704},"rotation":{"x":-0.6086652874946594,"y":0.0009739543311297894,"z":-0.0007412585546262562,"w":-0.7934262156486511},"size":4.953299522399902,"orthographic":false}