{"cameraMode":{"drawMode":0,"name":"Shaded","section":"Shading Mode"},"sceneLighting":false,"audioPlay":false,"sceneViewState":{"showFog":true,"showMaterialUpdate":false,"showSkybox":false,"showFlares":true,"showImageEffects":true,"showParticleSystems":true},"in2DMode":false,"pivot":{"x":4.7804179191589359,"y":0.7168330550193787,"z":-4.375792980194092},"rotation":{"x":-0.017440909519791604,"y":-0.9820921421051025,"z":0.14723226428031922,"w":-0.11632056534290314},"size":2.8578836917877199,"orthographic":false}