{"cameraMode":{"drawMode":0,"name":"Shaded","section":"Shading Mode"},"sceneLighting":true,"audioPlay":false,"sceneViewState":{"showFog":true,"showMaterialUpdate":false,"showSkybox":true,"showFlares":true,"showImageEffects":true,"showParticleSystems":true},"in2DMode":false,"pivot":{"x":29.384952545166017,"y":-58.810874938964847,"z":78.14397430419922},"rotation":{"x":-0.29034289717674258,"y":-0.15782693028450013,"z":0.04861568659543991,"w":-0.9425733685493469},"size":122.7853775024414,"orthographic":false}