{"cameraMode":{"drawMode":0,"name":"Shaded","section":"Shading Mode"},"sceneLighting":false,"audioPlay":false,"sceneViewState":{"showFog":true,"showMaterialUpdate":false,"showSkybox":false,"showFlares":true,"showImageEffects":true,"showParticleSystems":true},"in2DMode":false,"pivot":{"x":3.6500000953674318,"y":0.5,"z":-5.010499000549316},"rotation":{"x":-0.26359882950782778,"y":-0.31067603826522829,"z":0.09011324495077133,"w":-0.9087852835655212},"size":2.8578836917877199,"orthographic":false}